serial_num,type,text,id
1,1,You’re doing an amazing job!,1_1
2,1,Keep up the great work!,2_1
3,1,Your dedication is inspiring,3_1
4,1,You have incredible potential,4_1
5,1,Fantastic effort!,5_1
6,1,Your creativity is impressive,6_1
7,1,You always bring your A-game,7_1
8,1,You're a true problem-solver,8_1
9,1,Excellent progress!,9_1
10,1,Your hard work is paying off,10_1
11,1,You make a difference every day,11_1
12,1,Outstanding performance!,12_1
13,1,Your enthusiasm is contagious,13_1
14,1,You're a natural leader,14_1
15,1,Great initiative!,15_1
16,1,You're a fast learner,16_1
17,1,You handle challenges with grace,17_1
18,1,Your optimism is admirable,18_1
19,1,Remarkable improvement!,19_1
20,1,You're an excellent team player,20_1
21,1,You have a great attitude,21_1
22,1,Your dedication is unmatched,22_1
23,1,Your insight is valuable,23_1
24,1,Exceptional skills!,24_1
25,1,You’re a true innovator,25_1
26,1,Your persistence is commendable,26_1
27,1,You bring out the best in others,27_1
28,1,You're a fantastic collaborator,28_1
29,1,Your work ethic is exemplary,29_1
30,1,You consistently exceed expectations,30_1
31,1,You're a critical thinker,31_1
32,1,Brilliant execution!,32_1
33,1,You adapt quickly to new situations,33_1
34,1,Your positivity is inspiring,34_1
35,1,You have a keen eye for detail,35_1
36,1,Great problem-solving skills!,36_1
37,1,You're a strong communicator,37_1
38,1,You have a unique perspective,38_1
39,1,Your resilience is admirable,39_1
40,1,You inspire those around you,40_1
41,1,Your contributions are invaluable,41_1
42,1,You're always willing to help,42_1
43,1,Excellent time management!,43_1
44,1,Your passion is evident,44_1
45,1,You set a high standard,45_1
46,1,You’re a great motivator,46_1
47,1,Your resourcefulness is impressive,47_1
48,1,You're an exceptional listener,48_1
49,1,Your dedication shines through,49_1
50,1,You’re a powerhouse!,50_1
51,1,Your enthusiasm drives success,51_1
52,1,You bring fresh ideas,52_1
53,1,You're a strategic thinker,53_1
54,1,Your focus is unwavering,54_1
55,1,You’re a joy to work with,55_1
56,1,Your hard work is evident,56_1
57,1,You have a great sense of humor,57_1
58,1,You're a true asset,58_1
59,1,Your perseverance is remarkable,59_1
60,1,You’re a beacon of positivity,60_1
61,1,Your work is top-notch,61_1
62,1,You have an infectious energy,62_1
63,1,Your ideas are groundbreaking,63_1
64,1,You’re an excellent planner,64_1
65,1,Your support means a lot,65_1
66,1,You handle pressure well,66_1
67,1,You're a reliable team member,67_1
68,1,Your creativity knows no bounds,68_1
69,1,You bring clarity to complex issues,69_1
70,1,You’re a visionary,70_1
71,1,Your enthusiasm fuels progress,71_1
72,1,You're a master of your craft,72_1
73,1,Your insight drives innovation,73_1
74,1,You make challenging tasks look easy,74_1
75,1,You're always improving,75_1
76,1,Your feedback is invaluable,76_1
77,1,You have a positive outlook,77_1
78,1,Your kindness is appreciated,78_1
79,1,You lead by example,79_1
80,1,You're a true professional,80_1
81,1,Your contributions are crucial,81_1
82,1,You have a great work ethic,82_1
83,1,You're a dedicated individual,83_1
84,1,Your initiative is praiseworthy,84_1
85,1,You're a creative thinker,85_1
86,1,You approach challenges with enthusiasm,86_1
87,1,Your support is unwavering,87_1
88,1,You have a can-do attitude,88_1
89,1,Your diligence is impressive,89_1
90,1,You’re a trusted advisor,90_1
91,1,Your enthusiasm is boundless,91_1
92,1,You’re a catalyst for change,92_1
93,1,Your knowledge is vast,93_1
94,1,You’re always willing to learn,94_1
95,1,Your confidence is admirable,95_1
96,1,You're an inspiration to many,96_1
97,1,Your energy is boundless,97_1
98,1,You have an innovative mind,98_1
99,1,Your work is always on point,99_1
100,1,You have a strong moral compass,100_1
101,1,Your optimism is refreshing,101_1
102,1,You're a dedicated mentor,102_1
103,1,Your enthusiasm lights up the room,103_1
104,1,You have a heart of gold,104_1
105,1,Your problem-solving skills are superb,105_1
106,1,You're a quick thinker,106_1
107,1,Your attention to detail is excellent,107_1
108,1,You're always improving,108_1
109,1,Your creativity is second to none,109_1
110,1,You're a driving force,110_1
111,1,Your passion is evident in your work,111_1
112,1,You're a true go-getter,112_1
113,1,Your empathy is remarkable,113_1
114,1,You're a constant source of inspiration,114_1
115,1,Your work sets a high standard,115_1
116,1,You bring positivity wherever you go,116_1
117,1,Your innovation knows no bounds,117_1
118,1,You're a key player,118_1
119,1,Your perseverance is incredible,119_1
120,1,You’re a remarkable individual,120_1
121,1,Your dedication inspires others,121_1
122,1,You have a bright future ahead,122_1
123,1,Your enthusiasm is uplifting,123_1
124,1,You're a true original,124_1
125,1,Your hard work is inspiring,125_1
126,1,You’re a treasure,126_1
127,1,Your insight is profound,127_1
128,1,You're a natural problem-solver,128_1
129,1,Your leadership is commendable,129_1
130,1,You're always willing to lend a hand,130_1
131,1,Your positive attitude is appreciated,131_1
132,1,You're an exceptional thinker,132_1
133,1,Your vision is clear,133_1
134,1,You're a motivator,134_1
135,1,Your kindness knows no bounds,135_1
136,1,You're a powerhouse of talent,136_1
137,1,Your passion is inspiring,137_1
138,1,You make things happen,138_1
139,1,Your creativity shines through,139_1
140,1,You always find a way,140_1
141,1,Your focus is impressive,141_1
142,1,You're a beacon of hope,142_1
143,1,Your enthusiasm is infectious,143_1
144,1,You have a unique talent,144_1
145,1,Your support is invaluable,145_1
146,1,You're a joy to collaborate with,146_1
147,1,Your energy is unmatched,147_1
148,1,You always rise to the occasion,148_1
149,1,Your work is stellar,149_1
150,1,You bring out the best in people,150_1
151,1,Your ideas are innovative,151_1
152,1,You're a true professional,152_1
153,1,Your optimism is contagious,153_1
154,1,You're a positive force,154_1
155,1,Your dedication is admirable,155_1
156,1,You're a creative genius,156_1
157,1,Your resilience is impressive,157_1
158,1,You have a great attitude,158_1
159,1,Your insight drives progress,159_1
160,1,You're a true asset to the team,160_1
161,1,Your enthusiasm fuels success,161_1
162,1,You handle challenges with ease,162_1
163,1,Your creativity is boundless,163_1
164,1,You bring a fresh perspective,164_1
165,1,Your hard work is appreciated,165_1
166,1,You have a bright future,166_1
167,1,Your problem-solving skills are top-notch,167_1
168,1,You're a natural leader,168_1
169,1,Your positivity is uplifting,169_1
170,1,You always go the extra mile,170_1
171,1,Your dedication is unparalleled,171_1
172,1,You're a source of inspiration,172_1
173,1,Your energy is incredible,173_1
174,1,You have a unique perspective,174_1
175,1,Your support makes a difference,175_1
176,1,You're a great communicator,176_1
177,1,Your enthusiasm is motivating,177_1
178,1,You bring joy to those around you,178_1
179,1,Your work is exceptional,179_1
180,1,You have a great work ethic,180_1
181,1,Your ideas are transformative,181_1
182,1,You're a key contributor,182_1
183,1,Your positivity is admirable,183_1
184,1,You're always improving,184_1
185,1,Your dedication is praiseworthy,185_1
186,1,You're a true innovator,186_1
187,1,Your enthusiasm drives progress,187_1
188,1,You bring clarity to complexity,188_1
189,1,Your insight is valuable,189_1
190,1,You handle pressure with grace,190_1
191,1,Your optimism is inspiring,191_1
192,1,You’re a creative thinker,192_1
193,1,Your hard work is evident,193_1
194,1,You're a dedicated team member,194_1
195,1,Your passion is evident,195_1
196,1,You have a positive impact,196_1
197,1,Your support is always appreciated,197_1
198,1,You’re a problem-solver,198_1
199,1,Your creativity knows no limits,199_1
200,1,You bring out the best in others,200_1
201,1,Your energy is infectious,201_1
202,1,You’re a great mentor,202_1
203,1,Your ideas are brilliant,203_1
204,1,You’re a valued team player,204_1
205,1,Your enthusiasm is boundless,205_1
206,1,You’re a true original,206_1
207,1,Your dedication is inspiring,207_1
208,1,Your insight is profound,208_1
209,1,You handle challenges with ease,209_1
210,1,Your positivity is contagious,210_1
211,1,You're always willing to help,211_1
212,1,Your work ethic is exemplary,212_1
213,1,You have a great attitude,213_1
214,1,Your creativity shines through,214_1
215,1,You’re a powerhouse of talent,215_1
216,1,Your enthusiasm lights up the room,216_1
217,1,You’re a source of positivity,217_1
218,1,Your ideas are groundbreaking,218_1
219,1,You're a true asset,219_1
220,1,Your optimism is refreshing,220_1
221,1,You’re always improving,221_1
222,1,Your hard work is inspiring,222_1
223,1,You're a joy to work with,223_1
224,1,Your energy is boundless,224_1
225,1,You bring a fresh perspective,225_1
226,1,Your dedication is praiseworthy,226_1
227,1,You're a creative thinker,227_1
228,1,Your insight drives innovation,228_1
229,1,You handle pressure well,229_1
230,1,Your support is invaluable,230_1
231,1,You're a great communicator,231_1
232,1,Your positivity is uplifting,232_1
233,1,You bring out the best in people,233_1
234,1,Your work is exceptional,234_1
235,1,You have a positive outlook,235_1
236,1,Your passion is evident,236_1
237,1,You're always willing to lend a hand,237_1
238,1,Your problem-solving skills are superb,238_1
239,1,You’re a dedicated team member,239_1
240,1,Your enthusiasm is motivating,240_1
241,1,You have a unique perspective,241_1
242,1,Your creativity knows no bounds,242_1
243,1,You bring clarity to complex issues,243_1
244,1,Your hard work is evident,244_1
245,1,You’re a constant source of inspiration,245_1
246,1,Your ideas are innovative,246_1
247,1,You handle challenges with grace,247_1
248,1,Your optimism is admirable,248_1
249,1,You're a key contributor,249_1
250,1,Your support means a lot,250_1
251,1,You have a great work ethic,251_1
252,1,Your dedication shines through,252_1
253,1,You're a true professional,253_1
254,1,Your positivity is inspiring,254_1
255,1,You’re always improving,255_1
256,1,Your enthusiasm fuels progress,256_1
257,1,You bring joy to those around you,257_1
258,1,Your insight is valuable,258_1
259,1,You’re a problem-solver,259_1
260,1,Your energy is unmatched,260_1
261,1,You have a bright future ahead,261_1
262,1,Your creativity is impressive,262_1
263,1,You,263_1
264,1,Your support makes a difference,264_1
265,1,You’re a trusted advisor,265_1
266,1,Your positivity is contagious,266_1
267,1,You're a dedicated mentor,267_1
268,1,Your ideas are transformative,268_1
269,1,You’re a natural leader,269_1
270,1,Your passion is inspiring,270_1
271,1,You bring a fresh perspective,271_1
272,1,Your hard work is appreciated,272_1
273,1,You’re a true innovator,273_1
274,1,Your enthusiasm is uplifting,274_1
275,1,You bring out the best in others,275_1
276,1,Your insight drives progress,276_1
277,1,You're always willing to help,277_1
278,1,Your work ethic is exemplary,278_1
279,1,Your creativity knows no limits,279_1
280,1,You have a great attitude,280_1
281,1,Your dedication is unmatched,281_1
282,1,You're a joy to work with,282_1
283,1,Your positivity is admirable,283_1
284,1,Your ideas are brilliant,284_1
285,1,You’re always improving,285_1
286,1,Your enthusiasm lights up the room,286_1
287,1,Your insight is profound,287_1
288,1,You handle challenges with ease,288_1
289,1,Your optimism is refreshing,289_1
290,1,You’re a creative thinker,290_1
291,1,Your hard work is inspiring,291_1
292,1,You’re a source of inspiration,292_1
293,1,Your energy is boundless,293_1
294,1,You bring clarity to complexity,294_1
295,1,Your support is invaluable,295_1
296,1,You’re a true original,296_1
297,1,Your positivity is uplifting,297_1
298,1,Your enthusiasm drives progress,298_1
299,1,You bring joy to those around you,299_1
300,1,Your dedication is praiseworthy,300_1
301,1,Your creativity shines through,301_1
302,1,You’re a true professional,302_1
303,1,Your ideas are groundbreaking,303_1
304,1,Your work is exceptional,304_1
305,1,Your optimism is inspiring,305_1
306,1,You’re a key player,306_1
307,1,Your enthusiasm is motivating,307_1
308,1,Your positivity is contagious,308_1
309,1,You handle challenges with grace,309_1
310,1,Your insight is valuable,310_1
311,1,You bring out the best in people,311_1
312,1,You’re a dedicated team member,312_1
313,1,Your energy is infectious,313_1
314,1,Your problem-solving skills are superb,314_1
315,1,Your creativity knows no bounds,315_1
316,1,You bring a fresh perspective,316_1
317,1,Your support is always appreciated,317_1
318,1,You have a positive outlook,318_1
319,1,Your dedication is inspiring,319_1
320,1,Your hard work is evident,320_1
321,1,You’re a problem-solver,321_1
322,1,Your insight drives innovation,322_1
323,1,Your ideas are innovative,323_1
324,1,Your positivity is refreshing,324_1
325,1,You’re a valued team player,325_1
326,1,Your enthusiasm fuels success,326_1
327,1,Your work ethic is exemplary,327_1
328,1,You’re always willing to help,328_1
329,1,Your optimism is admirable,329_1
330,1,You bring clarity to complex issues,330_1
331,1,Your enthusiasm is uplifting,331_1
332,1,You’re a natural leader,332_1
333,1,Your creativity is impressive,333_1
334,1,Your dedication shines through,334_1
335,1,Your support makes a difference,335_1
336,1,You’re a joy to collaborate with,336_1
337,1,Your positivity is admirable,337_1
338,1,You’re always improving,338_1
339,1,Your energy is incredible,339_1
340,1,Your ideas are brilliant,340_1
341,1,You have a unique perspective,341_1
342,1,Your enthusiasm is boundless,342_1
343,1,Your work is always on point,343_1
344,1,You bring out the best in others,344_1
345,1,Your insight is profound,345_1
346,1,Your creativity knows no limits,346_1
347,1,Your dedication is praiseworthy,347_1
348,1,You handle challenges with ease,348_1
349,1,Your support means a lot,349_1
350,1,Your positivity is contagious,350_1
351,1,You’re a true original,351_1
352,1,Your hard work is inspiring,352_1
353,1,Your ideas are transformative,353_1
354,1,Your enthusiasm lights up the room,354_1
355,1,You bring joy to those around you,355_1
356,1,Your work ethic is exemplary,356_1
357,1,Your creativity shines through,357_1
358,1,You’re a constant source of inspiration,358_1
359,1,Your insight drives progress,359_1
360,1,Your positivity is uplifting,360_1
361,1,You’re a true professional,361_1
362,1,Your support is invaluable,362_1
363,1,Your ideas are groundbreaking,363_1
364,1,Your optimism is refreshing,364_1
365,1,You’re a dedicated mentor,365_1
366,1,Your enthusiasm drives progress,366_1
367,1,Your hard work is appreciated,367_1
368,1,You handle challenges with grace,368_1
369,1,Your positivity is admirable,369_1
370,1,Your creativity is boundless,370_1
371,1,Your dedication is unmatched,371_1
372,1,Your insight is valuable,372_1
373,1,Your ideas are brilliant,373_1
374,1,Your enthusiasm is motivating,374_1
375,1,You bring a fresh perspective,375_1
376,1,Your optimism is inspiring,376_1
377,1,Your support makes a difference,377_1
378,1,Your work is exceptional,378_1
379,1,You’re a joy to work with,379_1
380,1,Your energy is boundless,380_1
381,1,Your positivity is contagious,381_1
382,1,Your enthusiasm fuels progress,382_1
383,1,Your hard work is evident,383_1
384,1,Your creativity knows no bounds,384_1
385,1,You’re a true innovator,385_1
386,1,Your insight drives innovation,386_1
387,1,Your support is always appreciated,387_1
388,1,Your ideas are transformative,388_1
389,1,Your dedication is praiseworthy,389_1
390,1,Your enthusiasm lights up the room,390_1
391,1,Your creativity shines through,391_1
392,1,You handle challenges with ease,392_1
393,1,Your positivity is refreshing,393_1
394,1,Your insight is profound,394_1
395,1,Your work ethic is exemplary,395_1
396,1,Your optimism is admirable,396_1
397,1,Your hard work is inspiring,397_1
398,1,Your ideas are groundbreaking,398_1
399,1,Your energy is incredible,399_1
400,1,Your support means a lot,400_1
401,1,Your enthusiasm is uplifting,401_1
402,1,Your dedication shines through,402_1
403,1,Your positivity is uplifting,403_1
404,1,Your creativity knows no limits,404_1
405,1,Your insight drives progress,405_1
406,1,Your support makes a difference,406_1
407,1,Your work is exceptional,407_1
408,1,Your enthusiasm fuels success,408_1
409,1,Your positivity is admirable,409_1
410,1,Your ideas are brilliant,410_1
411,1,Your dedication is inspiring,411_1
412,1,Your hard work is appreciated,412_1
413,1,Your energy is infectious,413_1
414,1,Your support is invaluable,414_1
415,1,Your optimism is refreshing,415_1
416,1,Your creativity is impressive,416_1
417,1,Your enthusiasm is motivating,417_1
418,1,Your ideas are innovative,418_1
419,1,Your positivity is contagious,419_1
420,1,Your support is always appreciated,420_1
421,1,Your dedication is unmatched,421_1
422,1,Your insight is valuable,422_1
423,1,Your creativity shines through,423_1
424,1,Your hard work is evident,424_1
425,1,Your energy is incredible,425_1
426,1,Your ideas are transformative,426_1
427,1,Your enthusiasm drives progress,427_1
428,1,Your support means a lot,428_1
429,1,Your positivity is uplifting,429_1
430,1,Your dedication is praiseworthy,430_1
431,1,Your work is exceptional,431_1
432,1,Your ideas are brilliant,432_1
433,1,Your enthusiasm lights up the room,433_1
434,1,Your optimism is admirable,434_1
435,1,Your support makes a difference,435_1
436,1,Your hard work is inspiring,436_1
437,1,Your creativity knows no bounds,437_1
438,1,Your positivity is refreshing,438_1
439,1,Your dedication shines through,439_1
440,1,Your ideas are groundbreaking,440_1
441,1,Your insight is profound,441_1
442,1,Your support is invaluable,442_1
443,1,Your enthusiasm fuels progress,443_1
444,1,Your energy is boundless,444_1
445,1,Your creativity is impressive,445_1
446,1,Your hard work is appreciated,446_1
447,1,Your positivity is admirable,447_1
448,1,Your dedication is inspiring,448_1
449,1,Your ideas are innovative,449_1
450,1,Your enthusiasm is uplifting,450_1
451,1,Your support means a lot,451_1
452,1,Your insight drives progress,452_1
453,1,Your creativity shines through,453_1
454,1,Your work is exceptional,454_1
455,1,Your enthusiasm is motivating,455_1
456,1,Your optimism is refreshing,456_1
457,1,Your dedication is unmatched,457_1
458,1,Your ideas are brilliant,458_1
459,1,Your energy is infectious,459_1
460,1,Your support makes a difference,460_1
461,1,Your positivity is uplifting,461_1
462,1,Your creativity knows no limits,462_1
463,1,Your hard work is evident,463_1
464,1,Your insight is valuable,464_1
465,1,Your enthusiasm drives progress,465_1
466,1,Your dedication is praiseworthy,466_1
467,1,Your ideas are transformative,467_1
468,1,Your optimism is admirable,468_1
469,1,Your creativity shines through,469_1
470,1,Your support is invaluable,470_1
471,1,Your enthusiasm lights up the room,471_1
472,1,Your hard work is inspiring,472_1
473,1,Your positivity is refreshing,473_1
474,1,Your ideas are groundbreaking,474_1
475,1,Your dedication shines through,475_1
476,1,Your support means a lot,476_1
477,1,Your insight drives innovation,477_1
478,1,Your creativity knows no bounds,478_1
479,1,Your positivity is admirable,479_1
480,1,Your enthusiasm is motivating,480_1
481,1,Your work is exceptional,481_1
482,1,Your optimism is inspiring,482_1
483,1,Your dedication is unmatched,483_1
484,1,Your ideas are brilliant,484_1
485,1,Your enthusiasm fuels progress,485_1
486,1,Your support makes a difference,486_1
487,1,Your creativity is impressive,487_1
488,1,Your positivity is uplifting,488_1
489,1,Your dedication is inspiring,489_1
490,1,Your energy is incredible,490_1
491,1,Your ideas are innovative,491_1
492,1,Your enthusiasm is uplifting,492_1
493,1,Your support is invaluable,493_1
494,1,Your hard work is appreciated,494_1
495,1,Your insight is valuable,495_1
496,1,Your creativity shines through,496_1
497,1,Your enthusiasm drives progress,497_1
498,1,Your optimism is refreshing,498_1
499,1,Your dedication shines through,499_1
500,1,Your ideas are groundbreaking,500_1
1,2,This is average,1_2
2,2,It’s fine,2_2
3,2,This is okay,3_2
4,2,It’s adequate,4_2
5,2,This meets the requirements,5_2
6,2,It’s sufficient,6_2
7,2,This is standard,7_2
8,2,It’s passable,8_2
9,2,This is typical,9_2
10,2,It’s normal,10_2
11,2,This is acceptable,11_2
12,2,It’s all right,12_2
13,2,This is decent,13_2
14,2,It’s usual,14_2
15,2,This is standard fare,15_2
16,2,It’s routine,16_2
17,2,This is moderate,17_2
18,2,It’s ordinary,18_2
19,2,This is plain,19_2
20,2,It’s regular,20_2
21,2,This is tolerable,21_2
22,2,It’s fair,22_2
23,2,This is mundane,23_2
24,2,It’s customary,24_2
25,2,This is common,25_2
26,2,It’s nothing special,26_2
27,2,This is everyday,27_2
28,2,It’s mainstream,28_2
29,2,This is run-of-the-mill,29_2
30,2,It’s not bad,30_2
31,2,This is unremarkable,31_2
32,2,It’s conventional,32_2
33,2,This is mediocre,33_2
34,2,It’s middle-of-the-road,34_2
35,2,This is functional,35_2
36,2,It’s typical work,36_2
37,2,This is predictable,37_2
38,2,It’s competent,38_2
39,2,This is unexceptional,39_2
40,2,It’s habitual,40_2
41,2,This is business as usual,41_2
42,2,It’s not remarkable,42_2
43,2,This is familiar,43_2
44,2,It’s average work,44_2
45,2,This is plain and simple,45_2
46,2,It’s just fine,46_2
47,2,This is unspectacular,47_2
48,2,It’s nothing new,48_2
49,2,This is uninspired,49_2
50,2,It’s ordinary stuff,50_2
51,2,This is run-of-the-mill work,51_2
52,2,It’s fair enough,52_2
53,2,This is by the book,53_2
54,2,It’s textbook,54_2
55,2,This is conventional work,55_2
56,2,It’s as expected,56_2
57,2,This is on par,57_2
58,2,It’s serviceable,58_2
59,2,This is typical stuff,59_2
60,2,It’s up to standard,60_2
61,2,This is no-frills,61_2
62,2,It’s adequate work,62_2
63,2,This is to be expected,63_2
64,2,It’s average quality,64_2
65,2,This is satisfactory,65_2
66,2,It’s decent work,66_2
67,2,This is middle-of-the-road work,67_2
68,2,It’s the norm,68_2
69,2,This is workmanlike,69_2
70,2,It’s routine work,70_2
71,2,This is unoriginal,71_2
72,2,It’s not exciting,72_2
73,2,This is as usual,73_2
74,2,It’s quite standard,74_2
75,2,This is ordinary work,75_2
76,2,It’s formulaic,76_2
77,2,This is neither good nor bad,77_2
78,2,It’s what you’d expect,78_2
79,2,This is basic,79_2
80,2,It’s the usual,80_2
81,2,This is not bad at all,81_2
82,2,It’s unnoteworthy,82_2
83,2,This is acceptable work,83_2
84,2,It’s moderate quality,84_2
85,2,This is mainstream work,85_2
86,2,It’s just okay,86_2
87,2,This is neither here nor there,87_2
88,2,It’s the standard fare,88_2
89,2,This is fine as it is,89_2
90,2,It’s not remarkable work,90_2
91,2,This is as anticipated,91_2
92,2,It’s run-of-the-mill stuff,92_2
93,2,This is the expected standard,93_2
94,2,It’s par for the course,94_2
95,2,This is satisfactory work,95_2
96,2,It’s what’s typical,96_2
97,2,This is plain work,97_2
98,2,It’s just as expected,98_2
99,2,This is nothing out of the ordinary,99_2
100,2,It’s standard quality,100_2
101,2,This is as per usual,101_2
102,2,It’s basic quality,102_2
103,2,This is decent enough,103_2
104,2,It’s up to the mark,104_2
105,2,This is the usual standard,105_2
106,2,It’s as required,106_2
107,2,This is acceptable quality,107_2
108,2,It’s what’s needed,108_2
109,2,This is in line with expectations,109_2
110,2,It’s passable work,110_2
111,2,This is typical quality,111_2
112,2,It’s average at best,112_2
113,2,This is not too bad,113_2
114,2,It’s up to the standard,114_2
115,2,This is adequate enough,115_2
116,2,It’s the expected quality,116_2
117,2,This is all right work,117_2
118,2,It’s fairly standard,118_2
119,2,This is normal quality,119_2
120,2,It’s regular quality,120_2
121,2,This is pretty standard,121_2
122,2,It’s what we expect,122_2
123,2,This is tolerable work,123_2
124,2,It’s middle-of-the-road quality,124_2
125,2,This is fine work,125_2
126,2,It’s fairly routine,126_2
127,2,This is moderate work,127_2
128,2,It’s what’s standard,128_2
129,2,This is competent work,129_2
130,2,It’s what’s expected,130_2
131,2,This is par quality,131_2
132,2,It’s just adequate,132_2
133,2,This is quite ordinary,133_2
134,2,It’s decent quality,134_2
135,2,This is nothing too special,135_2
136,2,It’s what’s typical,136_2
137,2,This is serviceable work,137_2
138,2,It’s what you’d expect,138_2
139,2,This is neither good nor bad,139_2
140,2,It’s nothing remarkable,140_2
141,2,This is all right quality,141_2
142,2,It’s fairly decent,142_2
143,2,This is quite regular,143_2
144,2,It’s average enough,144_2
145,2,This is the norm,145_2
146,2,It’s passable quality,146_2
147,2,This is not special,147_2
148,2,It’s quite acceptable,148_2
149,2,This is fairly average,149_2
150,2,It’s nothing outstanding,150_2
151,2,This is standard stuff,151_2
152,2,It’s up to par,152_2
153,2,This is the usual quality,153_2
154,2,It’s average fare,154_2
155,2,This is pretty normal,155_2
156,2,It’s acceptable enough,156_2
157,2,This is not too exciting,157_2
158,2,It’s fine as is,158_2
159,2,This is the usual fare,159_2
160,2,It’s adequate quality,160_2
161,2,This is quite passable,161_2
162,2,It’s what’s regular,162_2
163,2,This is standard work,163_2
164,2,It’s routine stuff,164_2
165,2,This is no-frills work,165_2
166,2,It’s fairly adequate,166_2
167,2,This is ordinary quality,167_2
168,2,It’s quite standard,168_2
169,2,This is nothing too remarkable,169_2
170,2,It’s basic stuff,170_2
171,2,This is acceptable stuff,171_2
172,2,It’s quite ordinary,172_2
173,2,This is the expected fare,173_2
174,2,It’s fairly plain,174_2
175,2,This is the usual stuff,175_2
176,2,It’s nothing too great,176_2
177,2,This is passable stuff,177_2
178,2,It’s fairly routine,178_2
179,2,This is typical fare,179_2
180,2,It’s just acceptable,180_2
181,2,This is the standard stuff,181_2
182,2,It’s fairly usual,182_2
183,2,This is what’s regular,183_2
184,2,It’s nothing to write home about,184_2
185,2,This is quite predictable,185_2
186,2,It’s fairly basic,186_2
187,2,This is standard quality,187_2
188,2,It’s typical enough,188_2
189,2,This is quite ordinary,189_2
190,2,It’s as anticipated,190_2
191,2,This is regular work,191_2
192,2,It’s routine enough,192_2
193,2,This is fairly unremarkable,193_2
194,2,It’s what’s needed,194_2
195,2,This is passable quality,195_2
196,2,It’s fairly standard,196_2
197,2,This is what’s expected,197_2
198,2,It’s middle-of-the-road enough,198_2
199,2,This is routine quality,199_2
200,2,It’s just fine enough,200_2
201,2,This is regular fare,201_2
202,2,It’s fairly decent quality,202_2
203,2,This is typical work,203_2
204,2,It’s what’s usual,204_2
205,2,This is ordinary stuff,205_2
206,2,It’s quite passable,206_2
207,2,This is the norm quality,207_2
208,2,It’s nothing extraordinary,208_2
209,2,This is the usual work,209_2
210,2,It’s adequate enough quality,210_2
211,2,This is standard enough,211_2
212,2,It’s fairly average,212_2
213,2,This is what’s expected quality,213_2
214,2,It’s regular stuff,214_2
215,2,This is fine enough work,215_2
216,2,It’s just adequate quality,216_2
217,2,This is ordinary enough,217_2
218,2,It’s fairly passable,218_2
219,2,This is what’s typical quality,219_2
220,2,It’s regular enough,220_2
221,2,This is nothing special work,221_2
222,2,It’s the standard quality,222_2
223,2,This is passable enough,223_2
224,2,It’s fairly regular,224_2
225,2,This is what’s normal,225_2
226,2,It’s adequate work,226_2
227,2,This is fairly standard quality,227_2
228,2,It’s the usual quality,228_2
229,2,This is ordinary work quality,229_2
230,2,It’s regular enough quality,230_2
231,2,This is fairly decent enough,231_2
232,2,It’s what’s expected work,232_2
233,2,This is standard stuff quality,233_2
234,2,It’s routine enough quality,234_2
235,2,This is fairly normal,235_2
236,2,It’s what’s needed quality,236_2
237,2,This is acceptable enough work,237_2
238,2,It’s fairly regular quality,238_2
239,2,This is standard enough quality,239_2
240,2,It’s routine work quality,240_2
241,2,This is passable enough work,241_2
242,2,It’s the expected quality,242_2
243,2,This is ordinary enough quality,243_2
244,2,It’s fairly passable quality,244_2
245,2,This is adequate stuff,245_2
246,2,It’s what’s standard work,246_2
247,2,This is fairly typical,247_2
248,2,It’s standard work quality,248_2
249,2,This is regular stuff quality,249_2
250,2,It’s passable enough stuff,250_2
251,2,This is what’s expected quality work,251_2
252,2,It’s fairly standard work,252_2
253,2,This is typical enough quality,253_2
254,2,It’s standard stuff work,254_2
255,2,This is routine quality stuff,255_2
256,2,It’s regular enough stuff,256_2
257,2,This is the usual quality work,257_2
258,2,It’s adequate enough stuff,258_2
259,2,This is fairly passable work,259_2
260,2,It’s typical quality stuff,260_2
261,2,This is what’s needed work quality,261_2
262,2,It’s fairly adequate work,262_2
263,2,This is routine enough stuff,263_2
264,2,It’s what’s normal work,264_2
265,2,This is standard quality stuff,265_2
266,2,It’s regular quality stuff,266_2
267,2,This is passable quality work,267_2
268,2,It’s adequate work quality,268_2
269,2,This is typical enough work,269_2
270,2,It’s the usual stuff quality,270_2
271,2,This is regular enough work,271_2
272,2,It’s fairly standard enough,272_2
273,2,This is what’s expected quality stuff,273_2
274,2,It’s passable stuff quality,274_2
275,2,This is fairly routine quality,275_2
276,2,It’s ordinary quality work,276_2
277,2,This is the standard work quality,277_2
278,2,It’s fairly adequate enough,278_2
279,2,This is routine quality work,279_2
280,2,It’s what’s expected enough,280_2
281,2,This is standard work stuff,281_2
282,2,It’s regular enough work quality,282_2
283,2,This is what’s typical work,283_2
284,2,It’s fairly passable enough,284_2
285,2,This is standard enough work quality,285_2
286,2,It’s the usual stuff work,286_2
287,2,This is fairly regular work quality,287_2
288,2,It’s typical work quality,288_2
289,2,This is routine stuff work,289_2
290,2,It’s fairly standard stuff,290_2
291,2,This is regular work quality stuff,291_2
292,2,It’s passable quality stuff,292_2
293,2,This is standard quality work stuff,293_2
294,2,It’s routine work quality stuff,294_2
295,2,This is what’s normal stuff quality,295_2
296,2,It’s fairly typical work quality,296_2
297,2,This is passable work quality stuff,297_2
298,2,It’s regular stuff quality work,298_2
299,2,This is adequate work quality stuff,299_2
300,2,It’s standard enough quality work,300_2
301,2,This is fairly routine work quality,301_2
302,2,It’s typical stuff quality work,302_2
303,2,This is standard work quality stuff,303_2
304,2,It’s regular quality work stuff,304_2
305,2,This is fairly passable quality work,305_2
306,2,It’s what’s expected quality work stuff,306_2
307,2,This is standard work quality enough,307_2
308,2,It’s routine quality work stuff,308_2
309,2,This is fairly standard enough work,309_2
310,2,It’s passable stuff quality work,310_2
311,2,This is regular quality work enough,311_2
312,2,It’s adequate enough work quality stuff,312_2
313,2,This is fairly typical enough work,313_2
314,2,It’s standard quality stuff work,314_2
315,2,This is regular work quality enough,315_2
316,2,It’s fairly passable work quality stuff,316_2
317,2,This is routine stuff quality work,317_2
318,2,It’s what’s expected work quality enough,318_2
319,2,This is passable quality work enough,319_2
320,2,It’s standard work enough quality stuff,320_2
321,2,This is regular enough stuff quality work,321_2
322,2,It’s fairly standard stuff work quality,322_2
323,2,This is typical quality work stuff enough,323_2
324,2,It’s adequate quality work enough stuff,324_2
325,2,This is passable work enough quality stuff,325_2
326,2,It’s standard enough quality stuff work,326_2
327,2,This is regular stuff enough work quality,327_2
328,2,It’s fairly routine enough work quality,328_2
329,2,This is passable enough quality work stuff,329_2
330,2,It’s standard work quality enough stuff,330_2
331,2,This is routine quality enough stuff work,331_2
332,2,It’s regular quality work enough stuff,332_2
333,2,This is what’s expected enough quality work,333_2
334,2,It’s standard work stuff enough quality,334_2
335,2,This is passable enough work quality enough,335_2
336,2,It’s fairly standard enough stuff work quality,336_2
337,2,This is typical work enough quality stuff,337_2
338,2,It’s regular enough work quality stuff,338_2
339,2,This is standard enough stuff quality work,339_2
340,2,It’s fairly routine work enough quality stuff,340_2
341,2,This is passable quality work stuff enough,341_2
342,2,It’s standard work enough stuff quality,342_2
343,2,This is regular quality stuff work enough,343_2
344,2,It’s passable enough work quality stuff enough,344_2
345,2,This is what’s normal work enough quality stuff,345_2
346,2,It’s fairly adequate enough stuff quality work,346_2
347,2,This is standard stuff enough quality work,347_2
348,2,It’s regular enough quality work stuff enough,348_2
349,2,This is fairly routine quality work enough stuff,349_2
350,2,It’s standard work quality stuff enough,350_2
351,2,This is passable quality enough work stuff,351_2
352,2,It’s routine quality enough work stuff,352_2
353,2,This is regular work enough quality stuff enough,353_2
354,2,It’s what’s expected stuff quality work enough,354_2
355,2,This is fairly standard enough quality work stuff,355_2
356,2,It’s passable work quality stuff enough,356_2
357,2,This is standard stuff work enough quality,357_2
358,2,It’s regular quality enough stuff work enough,358_2
359,2,This is passable enough quality work stuff,359_2
360,2,It’s fairly routine enough stuff work quality,360_2
361,2,This is standard enough work quality stuff enough,361_2
362,2,It’s typical stuff quality enough work,362_2
363,2,This is passable quality enough stuff work,363_2
364,2,It’s regular enough stuff work quality enough,364_2
365,2,This is standard work stuff quality enough,365_2
366,2,It’s fairly standard quality work stuff enough,366_2
367,2,This is passable enough stuff quality work,367_2
368,2,It’s what’s expected enough work quality stuff,368_2
369,2,This is regular stuff quality work enough,369_2
370,2,It’s fairly passable work enough quality stuff,370_2
371,2,This is routine work quality enough stuff,371_2
372,2,It’s standard enough stuff work quality enough,372_2
373,2,This is passable work quality enough stuff,373_2
374,2,It’s what’s typical quality stuff work enough,374_2
375,2,This is standard work quality enough stuff,375_2
376,2,It’s fairly adequate stuff work quality enough,376_2
377,2,This is routine enough work quality stuff,377_2
378,2,It’s passable quality enough work stuff enough,378_2
379,2,This is standard enough quality work stuff,379_2
380,2,It’s what’s expected work quality stuff enough,380_2
381,2,This is regular work stuff enough quality,381_2
382,2,It’s passable enough quality stuff work,382_2
383,2,This is fairly standard stuff quality work enough,383_2
384,2,It’s typical work quality enough stuff,384_2
385,2,This is routine work enough stuff quality,385_2
386,2,It’s fairly passable quality stuff work enough,386_2
387,2,This is regular quality stuff enough work,387_2
388,2,It’s standard work quality stuff enough,388_2
389,2,This is passable enough stuff work quality,389_2
390,2,It’s what’s needed work quality enough stuff,390_2
391,2,This is regular enough work stuff quality,391_2
392,2,It’s fairly standard enough work quality stuff,392_2
393,2,This is passable quality work enough stuff,393_2
394,2,It’s routine stuff work quality enough,394_2
395,2,This is standard work enough quality stuff,395_2
396,2,It’s fairly adequate quality work stuff enough,396_2
397,2,This is passable enough work quality stuff,397_2
398,2,It’s what’s expected stuff work quality enough,398_2
399,2,This is standard enough work stuff quality,399_2
400,2,It’s regular work quality stuff enough,400_2
401,2,This is passable quality stuff enough work,401_2
402,2,It’s standard enough stuff work quality,402_2
403,2,This is fairly routine work quality enough stuff,403_2
404,2,It’s passable enough quality work stuff enough,404_2
405,2,This is regular quality enough work stuff,405_2
406,2,It’s standard work stuff quality enough,406_2
407,2,This is fairly adequate stuff quality work enough,407_2
408,2,It’s passable work enough stuff quality,408_2
409,2,This is routine work quality enough stuff,409_2
410,2,It’s what’s expected quality stuff work enough,410_2
411,2,This is passable enough work stuff quality,411_2
412,2,It’s standard enough quality stuff work,412_2
413,2,This is regular work quality stuff enough,413_2
414,2,It’s passable quality stuff work enough,414_2
415,2,This is fairly routine enough quality work stuff,415_2
416,2,It’s regular stuff quality enough work,416_2
417,2,This is passable enough stuff work quality,417_2
418,2,It’s standard quality stuff enough work,418_2
419,2,This is what’s typical enough work quality stuff,419_2
420,2,It’s passable work quality stuff enough,420_2
421,2,This is fairly standard stuff work quality,421_2
422,2,It’s passable quality work enough stuff,422_2
423,2,This is regular enough stuff work quality,423_2
424,2,It’s passable enough quality stuff work,424_2
425,2,This is fairly adequate work stuff quality enough,425_2
426,2,It’s passable quality stuff enough work,426_2
427,2,This is what’s expected work stuff quality enough,427_2
428,2,It’s regular work enough quality stuff,428_2
429,2,This is passable enough stuff quality work,429_2
430,2,It’s standard quality work stuff enough,430_2
431,2,This is regular enough work stuff quality,431_2
432,2,It’s fairly routine quality work stuff enough,432_2
433,2,This is passable work quality enough stuff,433_2
434,2,It’s standard enough quality work stuff,434_2
435,2,This is passable enough stuff work quality,435_2
436,2,It’s what’s expected enough work stuff quality,436_2
437,2,This is passable work stuff quality enough,437_2
438,2,It’s regular enough stuff quality work,438_2
439,2,This is fairly adequate enough quality stuff work,439_2
440,2,It’s passable enough quality work stuff enough,440_2
441,2,This is standard quality enough work stuff,441_2
442,2,It’s regular stuff quality enough work,442_2
443,2,This is passable work enough quality stuff,443_2
444,2,It’s passable enough quality stuff work enough,444_2
445,2,This is regular quality work stuff enough,445_2
446,2,It’s passable work quality stuff enough,446_2
447,2,This is passable enough stuff quality work enough,447_2
448,2,It’s passable quality stuff work enough,448_2
449,2,This is passable enough quality work enough stuff,449_2
450,2,It’s passable work stuff quality enough,450_2
451,2,This is passable quality enough stuff work,451_2
452,2,It’s passable enough work stuff quality enough,452_2
453,2,This is passable work enough stuff quality,453_2
454,2,It’s passable quality enough work stuff enough,454_2
455,2,This is passable work stuff enough quality,455_2
456,2,It’s passable enough stuff work quality,456_2
457,2,This is passable quality work stuff enough,457_2
458,2,It’s passable enough work quality stuff,458_2
459,2,This is passable stuff quality enough work,459_2
460,2,It’s passable quality stuff work enough,460_2
461,2,This is passable enough stuff quality work,461_2
462,2,It’s passable work enough quality stuff,462_2
463,2,This is passable enough quality stuff work,463_2
464,2,It’s passable work stuff quality enough,464_2
465,2,This is passable quality enough work stuff,465_2
466,2,It’s passable enough stuff work quality enough,466_2
467,2,This is passable enough work quality enough stuff,467_2
468,2,It’s passable enough,468_2
469,2,This is passable enough quality work enough stuff,469_2
470,2,It’s passable enough quality enough stuff work,470_2
471,2,This is passable quality enough stuff work enough,471_2
472,2,It’s passable work stuff enough quality,472_2
473,2,This is passable enough stuff quality work enough,473_2
474,2,It’s passable quality work enough stuff enough,474_2
475,2,This is passable enough work stuff enough quality,475_2
476,2,It’s passable enough quality stuff enough work,476_2
477,2,This is passable enough stuff work enough quality,477_2
478,2,It’s passable quality enough work stuff enough,478_2
479,2,This is passable work quality enough stuff enough,479_2
480,2,It’s passable enough work enough quality stuff,480_2
481,2,This is passable enough stuff quality enough,481_2
482,2,It’s passable work quality stuff enough,482_2
483,2,This is passable enough stuff enough work quality,483_2
484,2,It’s passable work enough quality stuff enough,484_2
485,2,This is passable quality work stuff enough,485_2
486,2,It’s passable enough work quality stuff,486_2
487,2,This is passable enough stuff work quality enough,487_2
488,2,It’s passable quality enough work enough stuff,488_2
489,2,This is passable work stuff enough quality enough,489_2
490,2,It’s passable enough work stuff quality enough,490_2
491,2,This is passable quality stuff enough work,491_2
492,2,It’s passable enough work quality stuff enough,492_2
493,2,This is passable enough stuff enough quality work,493_2
494,2,It’s passable work enough stuff quality,494_2
495,2,This is passable quality stuff work enough,495_2
496,2,It’s passable enough work enough stuff quality,496_2
497,2,This is passable enough quality work stuff,497_2
498,2,It’s passable work quality stuff enough,498_2
499,2,This is passable enough work stuff enough,499_2
500,2,It’s passable enough stuff work quality,500_2
1,3,This needs improvement,1_3
2,3,The results are underwhelming,2_3
3,3,Not up to standard,3_3
4,3,Below expectations,4_3
5,3,Needs more attention to detail,5_3
6,3,This isn't quite right,6_3
7,3,Needs significant improvement,7_3
8,3,Falling short of the goal,8_3
9,3,Could use more effort,9_3
10,3,Needs refinement,10_3
11,3,Not very effective,11_3
12,3,Needs more work,12_3
13,3,This is lacking,13_3
14,3,Could be better,14_3
15,3,Needs more focus,15_3
16,3,This isn’t satisfactory,16_3
17,3,Could use improvement,17_3
18,3,Needs better execution,18_3
19,3,Not impressive,19_3
20,3,Lacks clarity,20_3
21,3,Needs more polish,21_3
22,3,This is subpar,22_3
23,3,Could be more thorough,23_3
24,3,Needs better organization,24_3
25,3,Not quite there yet,25_3
26,3,Needs better planning,26_3
27,3,Could use more detail,27_3
28,3,This is insufficient,28_3
29,3,Needs more accuracy,29_3
30,3,Lacks depth,30_3
31,3,Could be clearer,31_3
32,3,Needs more consistency,32_3
33,3,This is inadequate,33_3
34,3,Needs more thought,34_3
35,3,Lacks impact,35_3
36,3,Could use more precision,36_3
37,3,This is not convincing,37_3
38,3,Needs better alignment,38_3
39,3,Not strong enough,39_3
40,3,Could use more research,40_3
41,3,Needs a better approach,41_3
42,3,Lacks cohesion,42_3
43,3,Could be more concise,43_3
44,3,Needs more creativity,44_3
45,3,Not very engaging,45_3
46,3,Needs more substance,46_3
47,3,Lacks focus,47_3
48,3,Could use more originality,48_3
49,3,Needs better structure,49_3
50,3,Not detailed enough,50_3
51,3,Needs a stronger foundation,51_3
52,3,Could be more logical,52_3
53,3,Needs more innovation,53_3
54,3,Lacks organization,54_3
55,3,Could use more variety,55_3
56,3,Needs more balance,56_3
57,3,Not very appealing,57_3
58,3,Needs more robustness,58_3
59,3,Lacks enthusiasm,59_3
60,3,Could use more insight,60_3
61,3,Needs better articulation,61_3
62,3,Not very persuasive,62_3
63,3,Needs more direction,63_3
64,3,Lacks sophistication,64_3
65,3,Could be more dynamic,65_3
66,3,Needs more clarity,66_3
67,3,Not well-executed,67_3
68,3,Needs better integration,68_3
69,3,Lacks precision,69_3
70,3,Could use more rigor,70_3
71,3,Needs better engagement,71_3
72,3,Not very memorable,72_3
73,3,Needs more refinement,73_3
74,3,Lacks originality,74_3
75,3,Could use more energy,75_3
76,3,Needs better execution,76_3
77,3,Not very detailed,77_3
78,3,Needs more coherence,78_3
79,3,Lacks ambition,79_3
80,3,Could be more impactful,80_3
81,3,Needs better delivery,81_3
82,3,Not very organized,82_3
83,3,Needs more enthusiasm,83_3
84,3,Lacks polish,84_3
85,3,Could use more depth,85_3
86,3,Needs better consistency,86_3
87,3,Not very impressive,87_3
88,3,Needs more attention,88_3
89,3,Lacks creativity,89_3
90,3,Could use more refinement,90_3
91,3,Needs better presentation,91_3
92,3,Not very thorough,92_3
93,3,Needs more engagement,93_3
94,3,Lacks interest,94_3
95,3,Could use more passion,95_3
96,3,Needs better logic,96_3
97,3,Not very logical,97_3
98,3,Needs more alignment,98_3
99,3,Lacks vision,99_3
100,3,Could use more excitement,100_3
101,3,Needs better analysis,101_3
102,3,Not very accurate,102_3
103,3,Needs more variety,103_3
104,3,Lacks depth,104_3
105,3,Could use more focus,105_3
106,3,Needs better detail,106_3
107,3,Not very innovative,107_3
108,3,Needs more coherence,108_3
109,3,Lacks impact,109_3
110,3,Could use more energy,110_3
111,3,Needs better research,111_3
112,3,Not very convincing,112_3
113,3,Needs more sophistication,113_3
114,3,Lacks clarity,114_3
115,3,Could use more originality,115_3
116,3,Needs better structure,116_3
117,3,Not very dynamic,117_3
118,3,Needs more insight,118_3
119,3,Lacks engagement,119_3
120,3,Could use more thought,120_3
121,3,Needs better articulation,121_3
122,3,Not very appealing,122_3
123,3,Needs more balance,123_3
124,3,Lacks organization,124_3
125,3,Could use more direction,125_3
126,3,Needs better robustness,126_3
127,3,Not very thorough,127_3
128,3,Needs more passion,128_3
129,3,Lacks focus,129_3
130,3,Could use more precision,130_3
131,3,Needs better logic,131_3
132,3,Not very effective,132_3
133,3,Needs more innovation,133_3
134,3,Lacks ambition,134_3
135,3,Could use more enthusiasm,135_3
136,3,Needs better consistency,136_3
137,3,Not very memorable,137_3
138,3,Needs more creativity,138_3
139,3,Lacks polish,139_3
140,3,Could use more detail,140_3
141,3,Needs better presentation,141_3
142,3,Not very engaging,142_3
143,3,Needs more coherence,143_3
144,3,Lacks interest,144_3
145,3,Could use more energy,145_3
146,3,Needs better execution,146_3
147,3,Not very logical,147_3
148,3,Needs more rigor,148_3
149,3,Lacks vision,149_3
150,3,Could use more passion,150_3
151,3,Needs better integration,151_3
152,3,Not very accurate,152_3
153,3,Needs more alignment,153_3
154,3,Lacks sophistication,154_3
155,3,Could use more clarity,155_3
156,3,Needs better structure,156_3
157,3,Not very impactful,157_3
158,3,Needs more refinement,158_3
159,3,Lacks depth,159_3
160,3,Could use more variety,160_3
161,3,Needs better articulation,161_3
162,3,Not very detailed,162_3
163,3,Needs more engagement,163_3
164,3,Lacks creativity,164_3
165,3,Could use more focus,165_3
166,3,Needs better delivery,166_3
167,3,Not very innovative,167_3
168,3,Needs more coherence,168_3
169,3,Lacks originality,169_3
170,3,Could use more energy,170_3
171,3,Needs better organization,171_3
172,3,Not very dynamic,172_3
173,3,Needs more insight,173_3
174,3,Lacks enthusiasm,174_3
175,3,Could use more thought,175_3
176,3,Needs better robustness,176_3
177,3,Not very appealing,177_3
178,3,Needs more passion,178_3
179,3,Lacks interest,179_3
180,3,Could use more excitement,180_3
181,3,Needs better analysis,181_3
182,3,Not very thorough,182_3
183,3,Needs more sophistication,183_3
184,3,Lacks engagement,184_3
185,3,Could use more originality,185_3
186,3,Needs better logic,186_3
187,3,Not very persuasive,187_3
188,3,Needs more innovation,188_3
189,3,Lacks ambition,189_3
190,3,Could use more balance,190_3
191,3,Needs better consistency,191_3
192,3,Not very impressive,192_3
193,3,Needs more creativity,193_3
194,3,Lacks clarity,194_3
195,3,Could use more refinement,195_3
196,3,Needs better presentation,196_3
197,3,Not very engaging,197_3
198,3,Needs more depth,198_3
199,3,Lacks organization,199_3
200,3,Could use more variety,200_3
201,3,Needs better alignment,201_3
202,3,Not very effective,202_3
203,3,Needs more thought,203_3
204,3,Lacks focus,204_3
205,3,Could use more enthusiasm,205_3
206,3,Needs better execution,206_3
207,3,Not very accurate,207_3
208,3,Needs more coherence,208_3
209,3,Lacks passion,209_3
210,3,Could use more direction,210_3
211,3,Needs better delivery,211_3
212,3,Not very logical,212_3
213,3,Needs more originality,213_3
214,3,Lacks polish,214_3
215,3,Could use more energy,215_3
216,3,Needs better robustness,216_3
217,3,Not very thorough,217_3
218,3,Needs more engagement,218_3
219,3,Lacks interest,219_3
220,3,Could use more excitement,220_3
221,3,Needs better research,221_3
222,3,Not very dynamic,222_3
223,3,Needs more clarity,223_3
224,3,Lacks vision,224_3
225,3,Could use more focus,225_3
226,3,Needs better insight,226_3
227,3,Not very appealing,227_3
228,3,Needs more passion,228_3
229,3,Lacks ambition,229_3
230,3,Could use more rigor,230_3
231,3,Needs better consistency,231_3
232,3,Not very memorable,232_3
233,3,Needs more creativity,233_3
234,3,Lacks depth,234_3
235,3,Could use more thought,235_3
236,3,Needs better presentation,236_3
237,3,Not very engaging,237_3
238,3,Needs more innovation,238_3
239,3,Lacks sophistication,239_3
240,3,Could use more clarity,240_3
241,3,Needs better execution,241_3
242,3,Not very detailed,242_3
243,3,Needs more enthusiasm,243_3
244,3,Lacks impact,244_3
245,3,Could use more precision,245_3
246,3,Needs better alignment,246_3
247,3,Not very effective,247_3
248,3,Needs more insight,248_3
249,3,Lacks organization,249_3
250,3,Could use more energy,250_3
251,3,Needs better robustness,251_3
252,3,Not very thorough,252_3
253,3,Needs more originality,253_3
254,3,Lacks focus,254_3
255,3,Could use more passion,255_3
256,3,Needs better delivery,256_3
257,3,Not very logical,257_3
258,3,Needs more engagement,258_3
259,3,Lacks interest,259_3
260,3,Could use more direction,260_3
261,3,Needs better research,261_3
262,3,Not very dynamic,262_3
263,3,Needs more refinement,263_3
264,3,Lacks vision,264_3
265,3,Could use more rigor,265_3
266,3,Needs better consistency,266_3
267,3,Not very persuasive,267_3
268,3,Needs more creativity,268_3
269,3,Lacks polish,269_3
270,3,Could use more enthusiasm,270_3
271,3,Needs better articulation,271_3
272,3,Not very engaging,272_3
273,3,Needs more sophistication,273_3
274,3,Lacks clarity,274_3
275,3,Could use more detail,275_3
276,3,Needs better execution,276_3
277,3,Not very appealing,277_3
278,3,Needs more thought,278_3
279,3,Lacks originality,279_3
280,3,Could use more energy,280_3
281,3,Needs better alignment,281_3
282,3,Not very thorough,282_3
283,3,Needs more passion,283_3
284,3,Lacks interest,284_3
285,3,Could use more variety,285_3
286,3,Needs better organization,286_3
287,3,Not very detailed,287_3
288,3,Needs more innovation,288_3
289,3,Lacks impact,289_3
290,3,Could use more precision,290_3
291,3,Needs better presentation,291_3
292,3,Not very effective,292_3
293,3,Needs more coherence,293_3
294,3,Lacks depth,294_3
295,3,Could use more excitement,295_3
296,3,Needs better robustness,296_3
297,3,Not very logical,297_3
298,3,Needs more enthusiasm,298_3
299,3,Lacks ambition,299_3
300,3,Could use more balance,300_3
301,3,Needs better consistency,301_3
302,3,Not very impressive,302_3
303,3,Needs more creativity,303_3
304,3,Lacks sophistication,304_3
305,3,Could use more refinement,305_3
306,3,Needs better insight,306_3
307,3,Not very engaging,307_3
308,3,Needs more alignment,308_3
309,3,Lacks vision,309_3
310,3,Could use more clarity,310_3
311,3,Needs better delivery,311_3
312,3,Not very thorough,312_3
313,3,Needs more energy,313_3
314,3,Lacks focus,314_3
315,3,Could use more passion,315_3
316,3,Needs better research,316_3
317,3,Not very dynamic,317_3
318,3,Needs more enthusiasm,318_3
319,3,Lacks polish,319_3
320,3,Could use more direction,320_3
321,3,Needs better articulation,321_3
322,3,Not very persuasive,322_3
323,3,Needs more engagement,323_3
324,3,Lacks impact,324_3
325,3,Could use more,325_3
326,3,Needs better presentation,326_3
327,3,Not very effective,327_3
328,3,Needs more innovation,328_3
329,3,Lacks originality,329_3
330,3,Could use more energy,330_3
331,3,Needs better consistency,331_3
332,3,Not very detailed,332_3
333,3,Needs more clarity,333_3
334,3,Lacks interest,334_3
335,3,Could use more variety,335_3
336,3,Needs better alignment,336_3
337,3,Not very thorough,337_3
338,3,Needs more creativity,338_3
339,3,Lacks sophistication,339_3
340,3,Could use more refinement,340_3
341,3,Needs better robustness,341_3
342,3,Not very engaging,342_3
343,3,Needs more passion,343_3
344,3,Lacks polish,344_3
345,3,Could use more enthusiasm,345_3
346,3,Needs better organization,346_3
347,3,Not very appealing,347_3
348,3,Needs more energy,348_3
349,3,Lacks depth,349_3
350,3,Could use more direction,350_3
351,3,Needs better articulation,351_3
352,3,Not very dynamic,352_3
353,3,Needs more engagement,353_3
354,3,Lacks vision,354_3
355,3,Could use more clarity,355_3
356,3,Needs better innovation,356_3
357,3,Not very effective,357_3
358,3,Needs more insight,358_3
359,3,Lacks focus,359_3
360,3,Could use more passion,360_3
361,3,Needs better execution,361_3
362,3,Not very persuasive,362_3
363,3,Needs more variety,363_3
364,3,Lacks originality,364_3
365,3,Could use more balance,365_3
366,3,Needs better alignment,366_3
367,3,Not very engaging,367_3
368,3,Needs more creativity,368_3
369,3,Lacks enthusiasm,369_3
370,3,Could use more energy,370_3
371,3,Needs better consistency,371_3
372,3,Not very thorough,372_3
373,3,Needs more clarity,373_3
374,3,Lacks sophistication,374_3
375,3,Could use more direction,375_3
376,3,Needs better organization,376_3
377,3,Not very detailed,377_3
378,3,Needs more passion,378_3
379,3,Lacks polish,379_3
380,3,Could use more precision,380_3
381,3,Needs better presentation,381_3
382,3,Not very effective,382_3
383,3,Needs more refinement,383_3
384,3,Lacks interest,384_3
385,3,Could use more innovation,385_3
386,3,Needs better execution,386_3
387,3,Not very logical,387_3
388,3,Needs more engagement,388_3
389,3,Lacks focus,389_3
390,3,Could use more energy,390_3
391,3,Needs better alignment,391_3
392,3,Not very engaging,392_3
393,3,Needs more creativity,393_3
394,3,Lacks depth,394_3
395,3,Could use more thought,395_3
396,3,Needs better robustness,396_3
397,3,Not very appealing,397_3
398,3,Needs more variety,398_3
399,3,Lacks vision,399_3
400,3,Could use more direction,400_3
401,3,Needs better organization,401_3
402,3,Not very detailed,402_3
403,3,Needs more innovation,403_3
404,3,Lacks passion,404_3
405,3,Could use more energy,405_3
406,3,Needs better alignment,406_3
407,3,Not very thorough,407_3
408,3,Needs more creativity,408_3
409,3,Lacks sophistication,409_3
410,3,Could use more clarity,410_3
411,3,Needs better consistency,411_3
412,3,Not very engaging,412_3
413,3,Needs more thought,413_3
414,3,Lacks enthusiasm,414_3
415,3,Could use more precision,415_3
416,3,Needs better research,416_3
417,3,Not very effective,417_3
418,3,Needs more passion,418_3
419,3,Lacks originality,419_3
420,3,Could use more rigor,420_3
421,3,Needs better execution,421_3
422,3,Not very engaging,422_3
423,3,Needs more alignment,423_3
424,3,Lacks vision,424_3
425,3,Could use more energy,425_3
426,3,Needs better organization,426_3
427,3,Not very thorough,427_3
428,3,Needs more creativity,428_3
429,3,Lacks impact,429_3
430,3,Could use more direction,430_3
431,3,Needs better articulation,431_3
432,3,Not very innovative,432_3
433,3,Needs more refinement,433_3
434,3,Lacks polish,434_3
435,3,Could use more variety,435_3
436,3,Needs better presentation,436_3
437,3,Not very engaging,437_3
438,3,Needs more enthusiasm,438_3
439,3,Lacks focus,439_3
440,3,Could use more thought,440_3
441,3,Needs better alignment,441_3
442,3,Not very effective,442_3
443,3,Needs more innovation,443_3
444,3,Lacks sophistication,444_3
445,3,Could use more creativity,445_3
446,3,Needs better execution,446_3
447,3,Not very engaging,447_3
448,3,Needs more energy,448_3
449,3,Lacks passion,449_3
450,3,Could use more enthusiasm,450_3
451,3,Needs better detail,451_3
452,3,Not very thorough,452_3
453,3,Needs more clarity,453_3
454,3,Lacks interest,454_3
455,3,Could use more direction,455_3
456,3,Needs better robustness,456_3
457,3,Not very persuasive,457_3
458,3,Needs more thought,458_3
459,3,Lacks depth,459_3
460,3,Could use more precision,460_3
461,3,Needs better research,461_3
462,3,Not very engaging,462_3
463,3,Needs more variety,463_3
464,3,Lacks originality,464_3
465,3,Could use more energy,465_3
466,3,Needs better alignment,466_3
467,3,Not very thorough,467_3
468,3,Needs more innovation,468_3
469,3,Lacks sophistication,469_3
470,3,Could use more creativity,470_3
471,3,Needs better delivery,471_3
472,3,Not very engaging,472_3
473,3,Needs more enthusiasm,473_3
474,3,Lacks focus,474_3
475,3,Could use more thought,475_3
476,3,Needs better consistency,476_3
477,3,Not very effective,477_3
478,3,Needs more depth,478_3
479,3,Lacks interest,479_3
480,3,Could use more direction,480_3
481,3,Needs better clarity,481_3
482,3,Not very detailed,482_3
483,3,Needs more robustness,483_3
484,3,Lacks passion,484_3
485,3,Could use more energy,485_3
486,3,Needs better alignment,486_3
487,3,Not very engaging,487_3
488,3,Needs more enthusiasm,488_3
489,3,Lacks polish,489_3
490,3,Could use more creativity,490_3
491,3,Needs better execution,491_3
492,3,Not very persuasive,492_3
493,3,Needs more innovation,493_3
494,3,Lacks vision,494_3
495,3,Could use more thought,495_3
496,3,Needs better alignment,496_3
497,3,Not very thorough,497_3
498,3,Needs more engagement,498_3
499,3,Lacks originality,499_3
500,3,Could use more energy,500_3
